<?xml version="1.0" encoding="UTF-8"?>
<project-private xmlns="http://www.netbeans.org/ns/project-private/1">
    <editor-bookmarks xmlns="http://www.netbeans.org/ns/editor-bookmarks/2" lastBookmarkId="0"/>
    <open-files xmlns="http://www.netbeans.org/ns/projectui-open-files/2">
        <group>
            <file>file:/C:/Users/User/Desktop/java-web/atividade-3/src/java/servelets/LoginServelet.java</file>
            <file>file:/C:/Users/User/Desktop/java-web/atividade-3/src/java/jdbc/persistencia/IDAO.java</file>
            <file>file:/C:/Users/User/Desktop/java-web/atividade-3/src/java/servelets/PortalServlet.java</file>
            <file>file:/C:/Users/User/Desktop/java-web/atividade-3/web/index.html</file>
            <file>file:/C:/Users/User/Desktop/java-web/atividade-3/src/java/jdbc/persistencia/mysql/MySqlUserDAO.java</file>
            <file>file:/C:/Users/User/Desktop/java-web/atividade-3/src/java/servelets/ErroServlet.java</file>
            <file>file:/C:/Users/User/Desktop/java-web/atividade-3/src/java/servelets/CadastrarUsuarioServlet.java</file>
            <file>file:/C:/Users/User/Desktop/java-web/atividade-3/src/java/jdbc/persistencia/IUserDAO.java</file>
            <file>file:/C:/Users/User/Desktop/java-web/atividade-3/src/java/model/User.java</file>
            <file>file:/C:/Users/User/Desktop/java-web/atividade-3/src/java/servelets/LogoutServlet.java</file>
        </group>
    </open-files>
</project-private>
